DATE,CCSA
1967/1/7,1134000
1967/1/14,1119000
1967/1/21,1119000
1967/1/28,1103000
1967/2/4,1131000
1967/2/11,1153000
1967/2/18,1167000
1967/2/25,1199000
1967/3/4,1235000
1967/3/11,1234000
1967/3/18,1236000
1967/3/25,1268000
1967/4/1,1291000
1967/4/8,1273000
1967/4/15,1278000
1967/4/22,1277000
1967/4/29,1286000
1967/5/6,1308000
1967/5/13,1284000
1967/5/20,1265000
1967/5/27,1253000
1967/6/3,1265000
1967/6/10,1251000
1967/6/17,1248000
1967/6/24,1220000
1967/7/1,1193000
1967/7/8,1248000
1967/7/15,1258000
1967/7/22,1252000
1967/7/29,1280000
1967/8/5,1240000
1967/8/12,1215000
1967/8/19,1202000
1967/8/26,1180000
1967/9/2,1204000
1967/9/9,1189000
1967/9/16,1179000
1967/9/23,1178000
1967/9/30,1157000
1967/10/7,1165000
1967/10/14,1189000
1967/10/21,1174000
1967/10/28,1161000
1967/11/4,1176000
1967/11/11,1142000
1967/11/18,1133000
1967/11/25,1142000
1967/12/2,1150000
1967/12/9,1153000
1967/12/16,1188000
1967/12/23,1195000
1967/12/30,1167000
1968/1/6,1158000
1968/1/13,1187000
1968/1/20,1191000
1968/1/27,1157000
1968/2/3,1173000
1968/2/10,1175000
1968/2/17,1143000
1968/2/24,1165000
1968/3/2,1151000
1968/3/9,1147000
1968/3/16,1143000
1968/3/23,1136000
1968/3/30,1119000
1968/4/6,1079000
1968/4/13,1079000
1968/4/20,1059000
1968/4/27,1087000
1968/5/4,1079000
1968/5/11,1091000
1968/5/18,1071000
1968/5/25,1073000
1968/6/1,1063000
1968/6/8,1097000
1968/6/15,1071000
1968/6/22,1060000
1968/6/29,1038000
1968/7/6,1097000
1968/7/13,1076000
1968/7/20,1033000
1968/7/27,1036000
1968/8/3,1072000
1968/8/10,1088000
1968/8/17,1107000
1968/8/24,1094000
1968/8/31,1064000
1968/9/7,1067000
1968/9/14,1044000
1968/9/21,1047000
1968/9/28,1048000
1968/10/5,1060000
1968/10/12,1045000
1968/10/19,1035000
1968/10/26,1033000
1968/11/2,1028000
1968/11/9,1028000
1968/11/16,1076000
1968/11/23,1023000
1968/11/30,1056000
1968/12/7,1063000
1968/12/14,1061000
1968/12/21,1063000
1968/12/28,1116000
1969/1/4,1118000
1969/1/11,1099000
1969/1/18,1072000
1969/1/25,1077000
1969/2/1,1099000
1969/2/8,1088000
1969/2/15,1115000
1969/2/22,1092000
1969/3/1,1098000
1969/3/8,1099000
1969/3/15,1080000
1969/3/22,1071000
1969/3/29,1041000
1969/4/5,1076000
1969/4/12,1050000
1969/4/19,1025000
1969/4/26,992000
1969/5/3,1003000
1969/5/10,1018000
1969/5/17,1007000
1969/5/24,1006000
1969/5/31,988000
1969/6/7,992000
1969/6/14,1010000
1969/6/21,1012000
1969/6/28,1021000
1969/7/5,1072000
1969/7/12,1092000
1969/7/19,1072000
1969/7/26,1110000
1969/8/2,1126000
1969/8/9,1093000
1969/8/16,1067000
1969/8/23,1060000
1969/8/30,1074000
1969/9/6,1111000
1969/9/13,1082000
1969/9/20,1083000
1969/9/27,1086000
1969/10/4,1103000
1969/10/11,1100000
1969/10/18,1118000
1969/10/25,1136000
1969/11/1,1143000
1969/11/8,1146000
1969/11/15,1181000
1969/11/22,1158000
1969/11/29,1211000
1969/12/6,1226000
1969/12/13,1233000
1969/12/20,1252000
1969/12/27,1304000
1970/1/3,1332000
1970/1/10,1353000
1970/1/17,1371000
1970/1/24,1388000
1970/1/31,1385000
1970/2/7,1397000
1970/2/14,1445000
1970/2/21,1412000
1970/2/28,1430000
1970/3/7,1443000
1970/3/14,1456000
1970/3/21,1498000
1970/3/28,1537000
1970/4/4,1573000
1970/4/11,1586000
1970/4/18,1653000
1970/4/25,1748000
1970/5/2,1811000
1970/5/9,1847000
1970/5/16,1840000
1970/5/23,1827000
1970/5/30,1807000
1970/6/6,1817000
1970/6/13,1852000
1970/6/20,1864000
1970/6/27,1866000
1970/7/4,1853000
1970/7/11,1868000
1970/7/18,1877000
1970/7/25,1918000
1970/8/1,1900000
1970/8/8,1890000
1970/8/15,1933000
1970/8/22,1970000
1970/8/29,2005000
1970/9/5,1996000
1970/9/12,2068000
1970/9/19,2069000
1970/9/26,2092000
1970/10/3,2164000
1970/10/10,2207000
1970/10/17,2210000
1970/10/24,2257000
1970/10/31,2233000
1970/11/7,2279000
1970/11/14,2343000
1970/11/21,2285000
1970/11/28,2292000
1970/12/5,2276000
1970/12/12,2193000
1970/12/19,2224000
1970/12/26,2147000
1971/1/2,2102000
1971/1/9,2124000
1971/1/16,2100000
1971/1/23,2091000
1971/1/30,2086000
1971/2/6,2120000
1971/2/13,2079000
1971/2/20,2120000
1971/2/27,2081000
1971/3/6,2132000
1971/3/13,2126000
1971/3/20,2140000
1971/3/27,2157000
1971/4/3,2135000
1971/4/10,2156000
1971/4/17,2163000
1971/4/24,2127000
1971/5/1,2157000
1971/5/8,2179000
1971/5/15,2179000
1971/5/22,2167000
1971/5/29,2171000
1971/6/5,2194000
1971/6/12,2199000
1971/6/19,2182000
1971/6/26,2172000
1971/7/3,2116000
1971/7/10,2130000
1971/7/17,2087000
1971/7/24,2129000
1971/7/31,2150000
1971/8/7,2174000
1971/8/14,2202000
1971/8/21,2186000
1971/8/28,2188000
1971/9/4,2228000
1971/9/11,2250000
1971/9/18,2246000
1971/9/25,2233000
1971/10/2,2216000
1971/10/9,2247000
1971/10/16,2190000
1971/10/23,2176000
1971/10/30,2194000
1971/11/6,2204000
1971/11/13,2134000
1971/11/20,2134000
1971/11/27,2111000
1971/12/4,2117000
1971/12/11,2085000
1971/12/18,2109000
1971/12/25,2037000
1972/1/1,1934000
1972/1/8,1931000
1972/1/15,1923000
1972/1/22,1907000
1972/1/29,1921000
1972/2/5,1941000
1972/2/12,1960000
1972/2/19,1902000
1972/2/26,1903000
1972/3/4,1905000
1972/3/11,1906000
1972/3/18,1907000
1972/3/25,1877000
1972/4/1,1913000
1972/4/8,1910000
1972/4/15,1891000
1972/4/22,1855000
1972/4/29,1870000
1972/5/6,1893000
1972/5/13,1874000
1972/5/20,1863000
1972/5/27,1871000
1972/6/3,1857000
1972/6/10,1870000
1972/6/17,1855000
1972/6/24,1871000
1972/7/1,1935000
1972/7/8,1977000
1972/7/15,1947000
1972/7/22,1962000
1972/7/29,1928000
1972/8/5,1855000
1972/8/12,1812000
1972/8/19,1794000
1972/8/26,1792000
1972/9/2,1838000
1972/9/9,1802000
1972/9/16,1799000
1972/9/23,1791000
1972/9/30,1763000
1972/10/7,1771000
1972/10/14,1760000
1972/10/21,1733000
1972/10/28,1750000
1972/11/4,1722000
1972/11/11,1736000
1972/11/18,1727000
1972/11/25,1743000
1972/12/2,1676000
1972/12/9,1681000
1972/12/16,1756000
1972/12/23,1697000
1972/12/30,1663000
1973/1/6,1617000
1973/1/13,1660000
1973/1/20,1607000
1973/1/27,1601000
1973/2/3,1596000
1973/2/10,1594000
1973/2/17,1582000
1973/2/24,1582000
1973/3/3,1579000
1973/3/10,1584000
1973/3/17,1578000
1973/3/24,1562000
1973/3/31,1547000
1973/4/7,1552000
1973/4/14,1539000
1973/4/21,1573000
1973/4/28,1551000
1973/5/5,1560000
1973/5/12,1557000
1973/5/19,1553000
1973/5/26,1567000
1973/6/2,1556000
1973/6/9,1563000
1973/6/16,1576000
1973/6/23,1570000
1973/6/30,1571000
1973/7/7,1605000
1973/7/14,1605000
1973/7/21,1594000
1973/7/28,1603000
1973/8/4,1633000
1973/8/11,1679000
1973/8/18,1672000
1973/8/25,1675000
1973/9/1,1681000
1973/9/8,1688000
1973/9/15,1666000
1973/9/22,1658000
1973/9/29,1658000
1973/10/6,1657000
1973/10/13,1679000
1973/10/20,1646000
1973/10/27,1675000
1973/11/3,1669000
1973/11/10,1702000
1973/11/17,1698000
1973/11/24,1755000
1973/12/1,1692000
1973/12/8,1717000
1973/12/15,1779000
1973/12/22,1836000
1973/12/29,1805000
1974/1/5,1934000
1974/1/12,1949000
1974/1/19,1995000
1974/1/26,1950000
1974/2/2,1963000
1974/2/9,2010000
1974/2/16,2049000
1974/2/23,2027000
1974/3/2,2020000
1974/3/9,2054000
1974/3/16,2068000
1974/3/23,2074000
1974/3/30,2062000
1974/4/6,2066000
1974/4/13,2072000
1974/4/20,2081000
1974/4/27,2045000
1974/5/4,2056000
1974/5/11,2041000
1974/5/18,2053000
1974/5/25,2057000
1974/6/1,2079000
1974/6/8,2067000
1974/6/15,2095000
1974/6/22,2066000
1974/6/29,2074000
1974/7/6,2160000
1974/7/13,2125000
1974/7/20,2109000
1974/7/27,2097000
1974/8/3,2147000
1974/8/10,2171000
1974/8/17,2168000
1974/8/24,2172000
1974/8/31,2211000
1974/9/7,2265000
1974/9/14,2274000
1974/9/21,2273000
1974/9/28,2306000
1974/10/5,2360000
1974/10/12,2396000
1974/10/19,2519000
1974/10/26,2520000
1974/11/2,2623000
1974/11/9,2699000
1974/11/16,2862000
1974/11/23,2748000
1974/11/30,3086000
1974/12/7,3178000
1974/12/14,3291000
1974/12/21,3300000
1974/12/28,3396000
1975/1/4,3554000
1975/1/11,3557000
1975/1/18,3658000
1975/1/25,3708000
1975/2/1,3738000
1975/2/8,3856000
1975/2/15,3863000
1975/2/22,3969000
1975/3/1,4023000
1975/3/8,4147000
1975/3/15,4195000
1975/3/22,4201000
1975/3/29,4310000
1975/4/5,4428000
1975/4/12,4449000
1975/4/19,4497000
1975/4/26,4520000
1975/5/3,4604000
1975/5/10,4597000
1975/5/17,4592000
1975/5/24,4461000
1975/5/31,4637000
1975/6/7,4484000
1975/6/14,4529000
1975/6/21,4406000
1975/6/28,4090000
1975/7/5,4239000
1975/7/12,4057000
1975/7/19,4208000
1975/7/26,4075000
1975/8/2,4015000
1975/8/9,4028000
1975/8/16,3934000
1975/8/23,3940000
1975/8/30,3854000
1975/9/6,3969000
1975/9/13,3880000
1975/9/20,3880000
1975/9/27,3851000
1975/10/4,3868000
1975/10/11,3675000
1975/10/18,3720000
1975/10/25,3662000
1975/11/1,3607000
1975/11/8,3546000
1975/11/15,3551000
1975/11/22,3377000
1975/11/29,3391000
1975/12/6,3331000
1975/12/13,3266000
1975/12/20,3124000
1975/12/27,3072000
1976/1/3,3214000
1976/1/10,3084000
1976/1/17,3026000
1976/1/24,2957000
1976/1/31,2895000
1976/2/7,2912000
1976/2/14,2867000
1976/2/21,2862000
1976/2/28,2822000
1976/3/6,2853000
1976/3/13,2837000
1976/3/20,2852000
1976/3/27,2830000
1976/4/3,2859000
1976/4/10,2840000
1976/4/17,2890000
1976/4/24,2900000
1976/5/1,2940000
1976/5/8,2941000
1976/5/15,2947000
1976/5/22,2961000
1976/5/29,2916000
1976/6/5,2970000
1976/6/12,2950000
1976/6/19,3003000
1976/6/26,3035000
1976/7/3,2958000
1976/7/10,2995000
1976/7/17,3011000
1976/7/24,3019000
1976/7/31,2996000
1976/8/7,3007000
1976/8/14,2990000
1976/8/21,2983000
1976/8/28,3081000
1976/9/4,2988000
1976/9/11,3092000
1976/9/18,3097000
1976/9/25,3103000
1976/10/2,3104000
1976/10/9,3119000
1976/10/16,3074000
1976/10/23,3088000
1976/10/30,3080000
1976/11/6,3079000
1976/11/13,3064000
1976/11/20,3061000
1976/11/27,3019000
1976/12/4,2994000
1976/12/11,2978000
1976/12/18,2900000
1976/12/25,2822000
1977/1/1,2818000
1977/1/8,2764000
1977/1/15,2841000
1977/1/22,2834000
1977/1/29,2879000
1977/2/5,2956000
1977/2/12,2904000
1977/2/19,2772000
1977/2/26,2764000
1977/3/5,2717000
1977/3/12,2728000
1977/3/19,2695000
1977/3/26,2671000
1977/4/2,2655000
1977/4/9,2717000
1977/4/16,2680000
1977/4/23,2660000
1977/4/30,2644000
1977/5/7,2618000
1977/5/14,2635000
1977/5/21,2647000
1977/5/28,2625000
1977/6/4,2650000
1977/6/11,2589000
1977/6/18,2622000
1977/6/25,2616000
1977/7/2,2572000
1977/7/9,2563000
1977/7/16,2591000
1977/7/23,2584000
1977/7/30,2605000
1977/8/6,2605000
1977/8/13,2618000
1977/8/20,2612000
1977/8/27,2607000
1977/9/3,2571000
1977/9/10,2601000
1977/9/17,2605000
1977/9/24,2581000
1977/10/1,2583000
1977/10/8,2575000
1977/10/15,2575000
1977/10/22,2561000
1977/10/29,2587000
1977/11/5,2535000
1977/11/12,2592000
1977/11/19,2527000
1977/11/26,2620000
1977/12/3,2505000
1977/12/10,2529000
1977/12/17,2558000
1977/12/24,2482000
1977/12/31,2461000
1978/1/7,2456000
1978/1/14,2418000
1978/1/21,2522000
1978/1/28,2578000
1978/2/4,2468000
1978/2/11,2656000
1978/2/18,2545000
1978/2/25,2553000
1978/3/4,2529000
1978/3/11,2526000
1978/3/18,2471000
1978/3/25,2473000
1978/4/1,2453000
1978/4/8,2397000
1978/4/15,2339000
1978/4/22,2287000
1978/4/29,2272000
1978/5/6,2246000
1978/5/13,2231000
1978/5/20,2238000
1978/5/27,2211000
1978/6/3,2224000
1978/6/10,2189000
1978/6/17,2225000
1978/6/24,2249000
1978/7/1,2242000
1978/7/8,2331000
1978/7/15,2328000
1978/7/22,2321000
1978/7/29,2344000
1978/8/5,2395000
1978/8/12,2422000
1978/8/19,2405000
1978/8/26,2370000
1978/9/2,2336000
1978/9/9,2278000
1978/9/16,2271000
1978/9/23,2247000
1978/9/30,2217000
1978/10/7,2219000
1978/10/14,2274000
1978/10/21,2207000
1978/10/28,2222000
1978/11/4,2188000
1978/11/11,2200000
1978/11/18,2158000
1978/11/25,2349000
1978/12/2,2248000
1978/12/9,2292000
1978/12/16,2328000
1978/12/23,2276000
1978/12/30,2289000
1979/1/6,2366000
1979/1/13,2368000
1979/1/20,2403000
1979/1/27,2393000
1979/2/3,2411000
1979/2/10,2412000
1979/2/17,2383000
1979/2/24,2451000
1979/3/3,2451000
1979/3/10,2413000
1979/3/17,2377000
1979/3/24,2353000
1979/3/31,2335000
1979/4/7,2368000
1979/4/14,2467000
1979/4/21,2408000
1979/4/28,2351000
1979/5/5,2292000
1979/5/12,2261000
1979/5/19,2238000
1979/5/26,2246000
1979/6/2,2260000
1979/6/9,2207000
1979/6/16,2234000
1979/6/23,2275000
1979/6/30,2282000
1979/7/7,2368000
1979/7/14,2356000
1979/7/21,2335000
1979/7/28,2375000
1979/8/4,2422000
1979/8/11,2466000
1979/8/18,2474000
1979/8/25,2471000
1979/9/1,2448000
1979/9/8,2432000
1979/9/15,2431000
1979/9/22,2404000
1979/9/29,2426000
1979/10/6,2428000
1979/10/13,2535000
1979/10/20,2475000
1979/10/27,2522000
1979/11/3,2569000
1979/11/10,2537000
1979/11/17,2656000
1979/11/24,2648000
1979/12/1,2698000
1979/12/8,2685000
1979/12/15,2712000
1979/12/22,2674000
1979/12/29,2725000
1980/1/5,2749000
1980/1/12,2778000
1980/1/19,2783000
1980/1/26,2817000
1980/2/2,2864000
1980/2/9,2867000
1980/2/16,2877000
1980/2/23,2866000
1980/3/1,2848000
1980/3/8,2883000
1980/3/15,2888000
1980/3/22,2921000
1980/3/29,2866000
1980/4/5,3007000
1980/4/12,3085000
1980/4/19,3188000
1980/4/26,3226000
1980/5/3,3334000
1980/5/10,3417000
1980/5/17,3544000
1980/5/24,3698000
1980/5/31,3731000
1980/6/7,3781000
1980/6/14,3779000
1980/6/21,3858000
1980/6/28,3912000
1980/7/5,3823000
1980/7/12,3836000
1980/7/19,3872000
1980/7/26,3851000
1980/8/2,3789000
1980/8/9,3862000
1980/8/16,3813000
1980/8/23,3754000
1980/8/30,3808000
1980/9/6,3698000
1980/9/13,3699000
1980/9/20,3698000
1980/9/27,3679000
1980/10/4,3672000
1980/10/11,3549000
1980/10/18,3477000
1980/10/25,3527000
1980/11/1,3391000
1980/11/8,3380000
1980/11/15,3260000
1980/11/22,3303000
1980/11/29,3169000
1980/12/6,3185000
1980/12/13,3125000
1980/12/20,3056000
1980/12/27,3136000
1981/1/3,3123000
1981/1/10,3082000
1981/1/17,3023000
1981/1/24,2988000
1981/1/31,2975000
1981/2/7,2945000
1981/2/14,3043000
1981/2/21,3023000
1981/2/28,2901000
1981/3/7,2931000
1981/3/14,2905000
1981/3/21,2885000
1981/3/28,2876000
1981/4/4,2875000
1981/4/11,2800000
1981/4/18,2860000
1981/4/25,2893000
1981/5/2,2944000
1981/5/9,2887000
1981/5/16,2865000
1981/5/23,2862000
1981/5/30,2962000
1981/6/6,2877000
1981/6/13,2867000
1981/6/20,2886000
1981/6/27,2983000
1981/7/4,2886000
1981/7/11,2845000
1981/7/18,2902000
1981/7/25,2899000
1981/8/1,2867000
1981/8/8,2998000
1981/8/15,2966000
1981/8/22,2957000
1981/8/29,2954000
1981/9/5,2914000
1981/9/12,3051000
1981/9/19,3014000
1981/9/26,3073000
1981/10/3,3069000
1981/10/10,3098000
1981/10/17,3104000
1981/10/24,3181000
1981/10/31,3183000
1981/11/7,3282000
1981/11/14,3291000
1981/11/21,3416000
1981/11/28,3360000
1981/12/5,3517000
1981/12/12,3397000
1981/12/19,3551000
1981/12/26,3636000
1982/1/2,3523000
1982/1/9,3398000
1982/1/16,3624000
1982/1/23,3602000
1982/1/30,3521000
1982/2/6,3617000
1982/2/13,3490000
1982/2/20,3562000
1982/2/27,3553000
1982/3/6,3619000
1982/3/13,3605000
1982/3/20,3684000
1982/3/27,3714000
1982/4/3,3720000
1982/4/10,3841000
1982/4/17,3967000
1982/4/24,3930000
1982/5/1,3960000
1982/5/8,3972000
1982/5/15,3968000
1982/5/22,4103000
1982/5/29,3956000
1982/6/5,4094000
1982/6/12,4121000
1982/6/19,4105000
1982/6/26,4057000
1982/7/3,4139000
1982/7/10,4025000
1982/7/17,4148000
1982/7/24,4155000
1982/7/31,4040000
1982/8/7,4191000
1982/8/14,4234000
1982/8/21,4300000
1982/8/28,4316000
1982/9/4,4356000
1982/9/11,4445000
1982/9/18,4468000
1982/9/25,4542000
1982/10/2,4629000
1982/10/9,4689000
1982/10/16,4599000
1982/10/23,4686000
1982/10/30,4595000
1982/11/6,4713000
1982/11/13,4554000
1982/11/20,4695000
1982/11/27,4442000
1982/12/4,4509000
1982/12/11,4339000
1982/12/18,4371000
1982/12/25,4381000
1983/1/1,4010000
1983/1/8,3885000
1983/1/15,3950000
1983/1/22,3860000
1983/1/29,3890000
1983/2/5,3877000
1983/2/12,3865000
1983/2/19,3819000
1983/2/26,3876000
1983/3/5,3797000
1983/3/12,3787000
1983/3/19,3752000
1983/3/26,3734000
1983/4/2,3759000
1983/4/9,3814000
1983/4/16,3744000
1983/4/23,3762000
1983/4/30,3722000
1983/5/7,3714000
1983/5/14,3625000
1983/5/21,3701000
1983/5/28,3457000
1983/6/4,3548000
1983/6/11,3453000
1983/6/18,3452000
1983/6/25,3369000
1983/7/2,3239000
1983/7/9,3226000
1983/7/16,3216000
1983/7/23,3155000
1983/7/30,3112000
1983/8/6,3106000
1983/8/13,3107000
1983/8/20,3131000
1983/8/27,3079000
1983/9/3,3055000
1983/9/10,3007000
1983/9/17,2993000
1983/9/24,2973000
1983/10/1,2926000
1983/10/8,2929000
1983/10/15,2913000
1983/10/22,2886000
1983/10/29,2860000
1983/11/5,2750000
1983/11/12,2789000
1983/11/19,2879000
1983/11/26,2733000
1983/12/3,2737000
1983/12/10,2666000
1983/12/17,2796000
1983/12/24,2718000
1983/12/31,2644000
1984/1/7,2588000
1984/1/14,2522000
1984/1/21,2531000
1984/1/28,2556000
1984/2/4,2531000
1984/2/11,2453000
1984/2/18,2425000
1984/2/25,2469000
1984/3/3,2441000
1984/3/10,2431000
1984/3/17,2426000
1984/3/24,2412000
1984/3/31,2412000
1984/4/7,2425000
1984/4/14,2396000
1984/4/21,2433000
1984/4/28,2435000
1984/5/5,2430000
1984/5/12,2386000
1984/5/19,2401000
1984/5/26,2323000
1984/6/2,2379000
1984/6/9,2391000
1984/6/16,2364000
1984/6/23,2339000
1984/6/30,2329000
1984/7/7,2375000
1984/7/14,2371000
1984/7/21,2337000
1984/7/28,2329000
1984/8/4,2332000
1984/8/11,2390000
1984/8/18,2416000
1984/8/25,2405000
1984/9/1,2410000
1984/9/8,2435000
1984/9/15,2434000
1984/9/22,2421000
1984/9/29,2474000
1984/10/6,2455000
1984/10/13,2538000
1984/10/20,2529000
1984/10/27,2574000
1984/11/3,2578000
1984/11/10,2545000
1984/11/17,2645000
1984/11/24,2569000
1984/12/1,2529000
1984/12/8,2589000
1984/12/15,2594000
1984/12/22,2487000
1984/12/29,2536000
1985/1/5,2593000
1985/1/12,2543000
1985/1/19,2472000
1985/1/26,2601000
1985/2/2,2632000
1985/2/9,2608000
1985/2/16,2613000
1985/2/23,2641000
1985/3/2,2571000
1985/3/9,2591000
1985/3/16,2578000
1985/3/23,2556000
1985/3/30,2526000
1985/4/6,2569000
1985/4/13,2600000
1985/4/20,2584000
1985/4/27,2562000
1985/5/4,2582000
1985/5/11,2569000
1985/5/18,2547000
1985/5/25,2545000
1985/6/1,2591000
1985/6/8,2564000
1985/6/15,2549000
1985/6/22,2550000
1985/6/29,2505000
1985/7/6,2609000
1985/7/13,2519000
1985/7/20,2520000
1985/7/27,2522000
1985/8/3,2518000
1985/8/10,2565000
1985/8/17,2574000
1985/8/24,2561000
1985/8/31,2595000
1985/9/7,2596000
1985/9/14,2590000
1985/9/21,2513000
1985/9/28,2623000
1985/10/5,2657000
1985/10/12,2569000
1985/10/19,2644000
1985/10/26,2657000
1985/11/2,2673000
1985/11/9,2612000
1985/11/16,2618000
1985/11/23,2585000
1985/11/30,2638000
1985/12/7,2744000
1985/12/14,2680000
1985/12/21,2543000
1985/12/28,2608000
1986/1/4,2694000
1986/1/11,2636000
1986/1/18,2516000
1986/1/25,2570000
1986/2/1,2531000
1986/2/8,2548000
1986/2/15,2569000
1986/2/22,2626000
1986/3/1,2570000
1986/3/8,2603000
1986/3/15,2589000
1986/3/22,2592000
1986/3/29,2614000
1986/4/5,2625000
1986/4/12,2570000
1986/4/19,2613000
1986/4/26,2627000
1986/5/3,2670000
1986/5/10,2670000
1986/5/17,2669000
1986/5/24,2638000
1986/5/31,2708000
1986/6/7,2653000
1986/6/14,2644000
1986/6/21,2637000
1986/6/28,2606000
1986/7/5,2669000
1986/7/12,2552000
1986/7/19,2593000
1986/7/26,2618000
1986/8/2,2583000
1986/8/9,2686000
1986/8/16,2658000
1986/8/23,2687000
1986/8/30,2664000
1986/9/6,2756000
1986/9/13,2671000
1986/9/20,2703000
1986/9/27,2698000
1986/10/4,2780000
1986/10/11,2665000
1986/10/18,2723000
1986/10/25,2707000
1986/11/1,2646000
1986/11/8,2614000
1986/11/15,2653000
1986/11/22,2555000
1986/11/29,2686000
1986/12/6,2634000
1986/12/13,2587000
1986/12/20,2499000
1986/12/27,2565000
1987/1/3,2590000
1987/1/10,2508000
1987/1/17,2443000
1987/1/24,2506000
1987/1/31,2515000
1987/2/7,2496000
1987/2/14,2451000
1987/2/21,2481000
1987/2/28,2460000
1987/3/7,2456000
1987/3/14,2450000
1987/3/21,2401000
1987/3/28,2410000
1987/4/4,2482000
1987/4/11,2366000
1987/4/18,2410000
1987/4/25,2386000
1987/5/2,2302000
1987/5/9,2347000
1987/5/16,2326000
1987/5/23,2275000
1987/5/30,2370000
1987/6/6,2259000
1987/6/13,2278000
1987/6/20,2258000
1987/6/27,2321000
1987/7/4,2173000
1987/7/11,2155000
1987/7/18,2211000
1987/7/25,2247000
1987/8/1,2232000
1987/8/8,2263000
1987/8/15,2194000
1987/8/22,2190000
1987/8/29,2179000
1987/9/5,2125000
1987/9/12,2172000
1987/9/19,2351000
1987/9/26,2139000
1987/10/3,2151000
1987/10/10,2101000
1987/10/17,2074000
1987/10/24,1966000
1987/10/31,1942000
1987/11/7,2054000
1987/11/14,2109000
1987/11/21,2064000
1987/11/28,2102000
1987/12/5,2125000
1987/12/12,2092000
1987/12/19,2105000
1987/12/26,2140000
1988/1/2,2096000
1988/1/9,2231000
1988/1/16,2186000
1988/1/23,2214000
1988/1/30,2213000
1988/2/6,2180000
1988/2/13,2184000
1988/2/20,2091000
1988/2/27,2111000
1988/3/5,2147000
1988/3/12,2112000
1988/3/19,2112000
1988/3/26,2077000
1988/4/2,2086000
1988/4/9,2104000
1988/4/16,2072000
1988/4/23,2067000
1988/4/30,2077000
1988/5/7,2059000
1988/5/14,2068000
1988/5/21,2099000
1988/5/28,2045000
1988/6/4,2040000
1988/6/11,2068000
1988/6/18,2034000
1988/6/25,2030000
1988/7/2,2035000
1988/7/9,2027000
1988/7/16,2073000
1988/7/23,2083000
1988/7/30,2108000
1988/8/6,2101000
1988/8/13,2070000
1988/8/20,2099000
1988/8/27,2082000
1988/9/3,2091000
1988/9/10,2053000
1988/9/17,2106000
1988/9/24,2053000
1988/10/1,2041000
1988/10/8,2017000
1988/10/15,1994000
1988/10/22,2011000
1988/10/29,2015000
1988/11/5,1898000
1988/11/12,2011000
1988/11/19,1981000
1988/11/26,2023000
1988/12/3,2006000
1988/12/10,2013000
1988/12/17,2054000
1988/12/24,2061000
1988/12/31,2092000
1989/1/7,2056000
1989/1/14,2069000
1989/1/21,2048000
1989/1/28,2071000
1989/2/4,2074000
1989/2/11,2103000
1989/2/18,2111000
1989/2/25,2167000
1989/3/4,2110000
1989/3/11,2163000
1989/3/18,2108000
1989/3/25,2145000
1989/4/1,2117000
1989/4/8,2117000
1989/4/15,2092000
1989/4/22,2104000
1989/4/29,2064000
1989/5/6,2089000
1989/5/13,2144000
1989/5/20,2085000
1989/5/27,2056000
1989/6/3,2117000
1989/6/10,2110000
1989/6/17,2113000
1989/6/24,2151000
1989/7/1,2133000
1989/7/8,2207000
1989/7/15,2217000
1989/7/22,2159000
1989/7/29,2181000
1989/8/5,2236000
1989/8/12,2214000
1989/8/19,2195000
1989/8/26,2184000
1989/9/2,2199000
1989/9/9,2207000
1989/9/16,2169000
1989/9/23,2249000
1989/9/30,2220000
1989/10/7,2279000
1989/10/14,2293000
1989/10/21,2295000
1989/10/28,2257000
1989/11/4,2280000
1989/11/11,2271000
1989/11/18,2289000
1989/11/25,2300000
1989/12/2,2271000
1989/12/9,2265000
1989/12/16,2295000
1989/12/23,2292000
1989/12/30,2302000
1990/1/6,2347000
1990/1/13,2349000
1990/1/20,2407000
1990/1/27,2316000
1990/2/3,2364000
1990/2/10,2323000
1990/2/17,2382000
1990/2/24,2347000
1990/3/3,2385000
1990/3/10,2341000
1990/3/17,2384000
1990/3/24,2344000
1990/3/31,2365000
1990/4/7,2323000
1990/4/14,2410000
1990/4/21,2385000
1990/4/28,2403000
1990/5/5,2374000
1990/5/12,2374000
1990/5/19,2381000
1990/5/26,2431000
1990/6/2,2406000
1990/6/9,2438000
1990/6/16,2402000
1990/6/23,2431000
1990/6/30,2442000
1990/7/7,2487000
1990/7/14,2498000
1990/7/21,2441000
1990/7/28,2461000
1990/8/4,2460000
1990/8/11,2500000
1990/8/18,2537000
1990/8/25,2540000
1990/9/1,2579000
1990/9/8,2585000
1990/9/15,2591000
1990/9/22,2578000
1990/9/29,2644000
1990/10/6,2621000
1990/10/13,2753000
1990/10/20,2722000
1990/10/27,2787000
1990/11/3,2813000
1990/11/10,2789000
1990/11/17,2996000
1990/11/24,2955000
1990/12/1,2918000
1990/12/8,3000000
1990/12/15,2984000
1990/12/22,3001000
1990/12/29,2938000
1991/1/5,3062000
1991/1/12,3111000
1991/1/19,3017000
1991/1/26,3162000
1991/2/2,3228000
1991/2/9,3226000
1991/2/16,3293000
1991/2/23,3304000
1991/3/2,3357000
1991/3/9,3384000
1991/3/16,3448000
1991/3/23,3404000
1991/3/30,3502000
1991/4/6,3493000
1991/4/13,3464000
1991/4/20,3502000
1991/4/27,3474000
1991/5/4,3524000
1991/5/11,3492000
1991/5/18,3459000
1991/5/25,3472000
1991/6/1,3522000
1991/6/8,3439000
1991/6/15,3428000
1991/6/22,3389000
1991/6/29,3356000
1991/7/6,3393000
1991/7/13,3255000
1991/7/20,3276000
1991/7/27,3306000
1991/8/3,3307000
1991/8/10,3314000
1991/8/17,3282000
1991/8/24,3277000
1991/8/31,3279000
1991/9/7,3326000
1991/9/14,3275000
1991/9/21,3294000
1991/9/28,3290000
1991/10/5,3388000
1991/10/12,3237000
1991/10/19,3320000
1991/10/26,3299000
1991/11/2,3336000
1991/11/9,3328000
1991/11/16,3315000
1991/11/23,3226000
1991/11/30,3348000
1991/12/7,3388000
1991/12/14,3405000
1991/12/21,3264000
1991/12/28,3340000
1992/1/4,3410000
1992/1/11,3342000
1992/1/18,3297000
1992/1/25,3364000
1992/2/1,3301000
1992/2/8,3320000
1992/2/15,3260000
1992/2/22,3412000
1992/2/29,3280000
1992/3/7,3288000
1992/3/14,3280000
1992/3/21,3344000
1992/3/28,3336000
1992/4/4,3383000
1992/4/11,3288000
1992/4/18,3339000
1992/4/25,3365000
1992/5/2,3397000
1992/5/9,3354000
1992/5/16,3296000
1992/5/23,3285000
1992/5/30,3392000
1992/6/6,3265000
1992/6/13,3270000
1992/6/20,3284000
1992/6/27,3340000
1992/7/4,3212000
1992/7/11,3103000
1992/7/18,3238000
1992/7/25,3318000
1992/8/1,3467000
1992/8/8,3211000
1992/8/15,3210000
1992/8/22,3188000
1992/8/29,3175000
1992/9/5,3167000
1992/9/12,3261000
1992/9/19,3195000
1992/9/26,3194000
1992/10/3,3121000
1992/10/10,3072000
1992/10/17,3083000
1992/10/24,3063000
1992/10/31,2973000
1992/11/7,3017000
1992/11/14,2962000
1992/11/21,2906000
1992/11/28,2911000
1992/12/5,2918000
1992/12/12,2807000
1992/12/19,2770000
1992/12/26,2800000
1993/1/2,2729000
1993/1/9,2697000
1993/1/16,2749000
1993/1/23,2727000
1993/1/30,2663000
1993/2/6,2645000
1993/2/13,2628000
1993/2/20,2646000
1993/2/27,2645000
1993/3/6,2683000
1993/3/13,2618000
1993/3/20,2724000
1993/3/27,2725000
1993/4/3,2729000
1993/4/10,2781000
1993/4/17,2800000
1993/4/24,2792000
1993/5/1,2747000
1993/5/8,2820000
1993/5/15,2772000
1993/5/22,2816000
1993/5/29,2737000
1993/6/5,2808000
1993/6/12,2836000
1993/6/19,2857000
1993/6/26,2747000
1993/7/3,2724000
1993/7/10,2778000
1993/7/17,2766000
1993/7/24,2803000
1993/7/31,2843000
1993/8/7,2813000
1993/8/14,2791000
1993/8/21,2821000
1993/8/28,2788000
1993/9/4,2768000
1993/9/11,2844000
1993/9/18,2856000
1993/9/25,2836000
1993/10/2,2810000
1993/10/9,2799000
1993/10/16,2833000
1993/10/23,2882000
1993/10/30,2801000
1993/11/6,2833000
1993/11/13,2785000
1993/11/20,2801000
1993/11/27,2784000
1993/12/4,2802000
1993/12/11,2747000
1993/12/18,2780000
1993/12/25,2720000
1994/1/1,2633000
1994/1/8,2705000
1994/1/15,2634000
1994/1/22,2814000
1994/1/29,2762000
1994/2/5,2764000
1994/2/12,2861000
1994/2/19,2748000
1994/2/26,2797000
1994/3/5,2779000
1994/3/12,2783000
1994/3/19,2746000
1994/3/26,2710000
1994/4/2,2730000
1994/4/9,2773000
1994/4/16,2716000
1994/4/23,2695000
1994/4/30,2769000
1994/5/7,2726000
1994/5/14,2792000
1994/5/21,2766000
1994/5/28,2727000
1994/6/4,2740000
1994/6/11,2755000
1994/6/18,2698000
1994/6/25,2687000
1994/7/2,2672000
1994/7/9,2670000
1994/7/16,2680000
1994/7/23,2650000
1994/7/30,2626000
1994/8/6,2644000
1994/8/13,2639000
1994/8/20,2659000
1994/8/27,2648000
1994/9/3,2645000
1994/9/10,2633000
1994/9/17,2638000
1994/9/24,2601000
1994/10/1,2597000
1994/10/8,2561000
1994/10/15,2620000
1994/10/22,2556000
1994/10/29,2536000
1994/11/5,2538000
1994/11/12,2528000
1994/11/19,2533000
1994/11/26,2530000
1994/12/3,2513000
1994/12/10,2508000
1994/12/17,2557000
1994/12/24,2567000
1994/12/31,2499000
1995/1/7,2486000
1995/1/14,2559000
1995/1/21,2473000
1995/1/28,2532000
1995/2/4,2501000
1995/2/11,2515000
1995/2/18,2541000
1995/2/25,2533000
1995/3/4,2518000
1995/3/11,2564000
1995/3/18,2513000
1995/3/25,2530000
1995/4/1,2484000
1995/4/8,2500000
1995/4/15,2505000
1995/4/22,2569000
1995/4/29,2539000
1995/5/6,2535000
1995/5/13,2567000
1995/5/20,2616000
1995/5/27,2574000
1995/6/3,2608000
1995/6/10,2614000
1995/6/17,2603000
1995/6/24,2602000
1995/7/1,2596000
1995/7/8,2651000
1995/7/15,2677000
1995/7/22,2605000
1995/7/29,2585000
1995/8/5,2592000
1995/8/12,2612000
1995/8/19,2615000
1995/8/26,2610000
1995/9/2,2613000
1995/9/9,2636000
1995/9/16,2650000
1995/9/23,2626000
1995/9/30,2609000
1995/10/7,2651000
1995/10/14,2688000
1995/10/21,2640000
1995/10/28,2674000
1995/11/4,2649000
1995/11/11,2674000
1995/11/18,2653000
1995/11/25,2712000
1995/12/2,2623000
1995/12/9,2629000
1995/12/16,2631000
1995/12/23,2622000
1995/12/30,2558000
1996/1/6,2549000
1996/1/13,2702000
1996/1/20,2707000
1996/1/27,2637000
1996/2/3,2750000
1996/2/10,2672000
1996/2/17,2694000
1996/2/24,2655000
1996/3/2,2688000
1996/3/9,2647000
1996/3/16,2677000
1996/3/23,2738000
1996/3/30,2675000
1996/4/6,2648000
1996/4/13,2657000
1996/4/20,2620000
1996/4/27,2609000
1996/5/4,2602000
1996/5/11,2586000
1996/5/18,2584000
1996/5/25,2590000
1996/6/1,2553000
1996/6/8,2521000
1996/6/15,2560000
1996/6/22,2550000
1996/6/29,2556000
1996/7/6,2501000
1996/7/13,2495000
1996/7/20,2492000
1996/7/27,2472000
1996/8/3,2476000
1996/8/10,2492000
1996/8/17,2495000
1996/8/24,2493000
1996/8/31,2516000
1996/9/7,2443000
1996/9/14,2486000
1996/9/21,2484000
1996/9/28,2479000
1996/10/5,2496000
1996/10/12,2422000
1996/10/19,2449000
1996/10/26,2474000
1996/11/2,2452000
1996/11/9,2475000
1996/11/16,2406000
1996/11/23,2350000
1996/11/30,2460000
1996/12/7,2484000
1996/12/14,2464000
1996/12/21,2506000
1996/12/28,2497000
1997/1/4,2552000
1997/1/11,2473000
1997/1/18,2434000
1997/1/25,2492000
1997/2/1,2403000
1997/2/8,2436000
1997/2/15,2407000
1997/2/22,2414000
1997/3/1,2370000
1997/3/8,2371000
1997/3/15,2344000
1997/3/22,2322000
1997/3/29,2331000
1997/4/5,2359000
1997/4/12,2307000
1997/4/19,2304000
1997/4/26,2327000
1997/5/3,2339000
1997/5/10,2318000
1997/5/17,2276000
1997/5/24,2274000
1997/5/31,2307000
1997/6/7,2276000
1997/6/14,2265000
1997/6/21,2303000
1997/6/28,2338000
1997/7/5,2289000
1997/7/12,2262000
1997/7/19,2268000
1997/7/26,2259000
1997/8/2,2235000
1997/8/9,2270000
1997/8/16,2290000
1997/8/23,2283000
1997/8/30,2284000
1997/9/6,2265000
1997/9/13,2200000
1997/9/20,2241000
1997/9/27,2233000
1997/10/4,2239000
1997/10/11,2213000
1997/10/18,2182000
1997/10/25,2228000
1997/11/1,2201000
1997/11/8,2207000
1997/11/15,2209000
1997/11/22,2216000
1997/11/29,2242000
1997/12/6,2230000
1997/12/13,2231000
1997/12/20,2189000
1997/12/27,2291000
1998/1/3,2369000
1998/1/10,2291000
1998/1/17,2241000
1998/1/24,2275000
1998/1/31,2200000
1998/2/7,2253000
1998/2/14,2227000
1998/2/21,2208000
1998/2/28,2209000
1998/3/7,2208000
1998/3/14,2237000
1998/3/21,2227000
1998/3/28,2215000
1998/4/4,2166000
1998/4/11,2202000
1998/4/18,2210000
1998/4/25,2152000
1998/5/2,2135000
1998/5/9,2140000
1998/5/16,2118000
1998/5/23,2134000
1998/5/30,2146000
1998/6/6,2122000
1998/6/13,2159000
1998/6/20,2188000
1998/6/27,2388000
1998/7/4,2290000
1998/7/11,2323000
1998/7/18,2339000
1998/7/25,2383000
1998/8/1,2336000
1998/8/8,2258000
1998/8/15,2210000
1998/8/22,2202000
1998/8/29,2182000
1998/9/5,2160000
1998/9/12,2190000
1998/9/19,2114000
1998/9/26,2148000
1998/10/3,2156000
1998/10/10,2167000
1998/10/17,2168000
1998/10/24,2169000
1998/10/31,2162000
1998/11/7,2195000
1998/11/14,2177000
1998/11/21,2207000
1998/11/28,2236000
1998/12/5,2239000
1998/12/12,2205000
1998/12/19,2171000
1998/12/26,2266000
1999/1/2,2303000
1999/1/9,2289000
1999/1/16,2316000
1999/1/23,2269000
1999/1/30,2259000
1999/2/6,2253000
1999/2/13,2253000
1999/2/20,2237000
1999/2/27,2219000
1999/3/6,2238000
1999/3/13,2232000
1999/3/20,2247000
1999/3/27,2191000
1999/4/3,2280000
1999/4/10,2247000
1999/4/17,2230000
1999/4/24,2193000
1999/5/1,2226000
1999/5/8,2200000
1999/5/15,2232000
1999/5/22,2223000
1999/5/29,2191000
1999/6/5,2194000
1999/6/12,2215000
1999/6/19,2183000
1999/6/26,2177000
1999/7/3,2202000
1999/7/10,2171000
1999/7/17,2226000
1999/7/24,2203000
1999/7/31,2164000
1999/8/7,2192000
1999/8/14,2176000
1999/8/21,2185000
1999/8/28,2168000
1999/9/4,2157000
1999/9/11,2163000
1999/9/18,2170000
1999/9/25,2158000
1999/10/2,2139000
1999/10/9,2105000
1999/10/16,2102000
1999/10/23,2086000
1999/10/30,2082000
1999/11/6,2099000
1999/11/13,2035000
1999/11/20,2111000
1999/11/27,2098000
1999/12/4,2094000
1999/12/11,2070000
1999/12/18,2123000
1999/12/25,2102000
2000/1/1,2102000
2000/1/8,2107000
2000/1/15,2115000
2000/1/22,2061000
2000/1/29,2164000
2000/2/5,2160000
2000/2/12,2141000
2000/2/19,2132000
2000/2/26,2157000
2000/3/4,2098000
2000/3/11,2099000
2000/3/18,2051000
2000/3/25,2068000
2000/4/1,2026000
2000/4/8,2027000
2000/4/15,1962000
2000/4/22,2035000
2000/4/29,2027000
2000/5/6,1991000
2000/5/13,1982000
2000/5/20,1998000
2000/5/27,1987000
2000/6/3,2019000
2000/6/10,2020000
2000/6/17,2041000
2000/6/24,2033000
2000/7/1,2052000
2000/7/8,2099000
2000/7/15,2122000
2000/7/22,2070000
2000/7/29,2085000
2000/8/5,2096000
2000/8/12,2109000
2000/8/19,2145000
2000/8/26,2119000
2000/9/2,2169000
2000/9/9,2139000
2000/9/16,2115000
2000/9/23,2098000
2000/9/30,2077000
2000/10/7,2133000
2000/10/14,2124000
2000/10/21,2082000
2000/10/28,2126000
2000/11/4,2110000
2000/11/11,2161000
2000/11/18,2279000
2000/11/25,2295000
2000/12/2,2229000
2000/12/9,2263000
2000/12/16,2322000
2000/12/23,2340000
2000/12/30,2378000
2001/1/6,2357000
2001/1/13,2367000
2001/1/20,2419000
2001/1/27,2440000
2001/2/3,2489000
2001/2/10,2435000
2001/2/17,2516000
2001/2/24,2506000
2001/3/3,2558000
2001/3/10,2557000
2001/3/17,2605000
2001/3/24,2587000
2001/3/31,2620000
2001/4/7,2582000
2001/4/14,2742000
2001/4/21,2737000
2001/4/28,2728000
2001/5/5,2732000
2001/5/12,2800000
2001/5/19,2819000
2001/5/26,2926000
2001/6/2,2919000
2001/6/9,2948000
2001/6/16,2939000
2001/6/23,2972000
2001/6/30,2959000
2001/7/7,3063000
2001/7/14,3029000
2001/7/21,2975000
2001/7/28,3056000
2001/8/4,3079000
2001/8/11,3125000
2001/8/18,3113000
2001/8/25,3163000
2001/9/1,3213000
2001/9/8,3197000
2001/9/15,3214000
2001/9/22,3302000
2001/9/29,3385000
2001/10/6,3432000
2001/10/13,3521000
2001/10/20,3557000
2001/10/27,3600000
2001/11/3,3616000
2001/11/10,3627000
2001/11/17,3790000
2001/11/24,3593000
2001/12/1,3619000
2001/12/8,3626000
2001/12/15,3637000
2001/12/22,3591000
2001/12/29,3474000
2002/1/5,3587000
2002/1/12,3500000
2002/1/19,3557000
2002/1/26,3558000
2002/2/2,3537000
2002/2/9,3562000
2002/2/16,3580000
2002/2/23,3538000
2002/3/2,3567000
2002/3/9,3567000
2002/3/16,3598000
2002/3/23,3599000
2002/3/30,3723000
2002/4/6,3732000
2002/4/13,3650000
2002/4/20,3675000
2002/4/27,3700000
2002/5/4,3712000
2002/5/11,3729000
2002/5/18,3695000
2002/5/25,3712000
2002/6/1,3664000
2002/6/8,3681000
2002/6/15,3604000
2002/6/22,3639000
2002/6/29,3588000
2002/7/6,3554000
2002/7/13,3495000
2002/7/20,3473000
2002/7/27,3495000
2002/8/3,3498000
2002/8/10,3485000
2002/8/17,3531000
2002/8/24,3521000
2002/8/31,3549000
2002/9/7,3532000
2002/9/14,3554000
2002/9/21,3579000
2002/9/28,3555000
2002/10/5,3619000
2002/10/12,3529000
2002/10/19,3518000
2002/10/26,3557000
2002/11/2,3557000
2002/11/9,3539000
2002/11/16,3438000
2002/11/23,3474000
2002/11/30,3404000
2002/12/7,3537000
2002/12/14,3497000
2002/12/21,3435000
2002/12/28,3462000
2003/1/4,3438000
2003/1/11,3388000
2003/1/18,3357000
2003/1/25,3475000
2003/2/1,3368000
2003/2/8,3457000
2003/2/15,3423000
2003/2/22,3500000
2003/3/1,3496000
2003/3/8,3559000
2003/3/15,3528000
2003/3/22,3585000
2003/3/29,3536000
2003/4/5,3583000
2003/4/12,3586000
2003/4/19,3674000
2003/4/26,3676000
2003/5/3,3730000
2003/5/10,3704000
2003/5/17,3716000
2003/5/24,3672000
2003/5/31,3774000
2003/6/7,3682000
2003/6/14,3695000
2003/6/21,3692000
2003/6/28,3737000
2003/7/5,3627000
2003/7/12,3599000
2003/7/19,3592000
2003/7/26,3647000
2003/8/2,3601000
2003/8/9,3596000
2003/8/16,3603000
2003/8/23,3574000
2003/8/30,3608000
2003/9/6,3598000
2003/9/13,3559000
2003/9/20,3588000
2003/9/27,3558000
2003/10/4,3570000
2003/10/11,3468000
2003/10/18,3466000
2003/10/25,3441000
2003/11/1,3427000
2003/11/8,3441000
2003/11/15,3331000
2003/11/22,3337000
2003/11/29,3331000
2003/12/6,3318000
2003/12/13,3251000
2003/12/20,3254000
2003/12/27,3258000
2004/1/3,3188000
2004/1/10,3154000
2004/1/17,3139000
2004/1/24,3142000
2004/1/31,3118000
2004/2/7,3179000
2004/2/14,3131000
2004/2/21,3092000
2004/2/28,3057000
2004/3/6,3072000
2004/3/13,3040000
2004/3/20,3066000
2004/3/27,3007000
2004/4/3,2990000
2004/4/10,3022000
2004/4/17,3031000
2004/4/24,2960000
2004/5/1,2998000
2004/5/8,2978000
2004/5/15,2976000
2004/5/22,3010000
2004/5/29,2916000
2004/6/5,2923000
2004/6/12,2990000
2004/6/19,2973000
2004/6/26,2917000
2004/7/3,2948000
2004/7/10,2852000
2004/7/17,2956000
2004/7/24,2935000
2004/7/31,2894000
2004/8/7,2920000
2004/8/14,2889000
2004/8/21,2877000
2004/8/28,2880000
2004/9/4,2872000
2004/9/11,2875000
2004/9/18,2865000
2004/9/25,2839000
2004/10/2,2799000
2004/10/9,2773000
2004/10/16,2781000
2004/10/23,2774000
2004/10/30,2763000
2004/11/6,2765000
2004/11/13,2707000
2004/11/20,2705000
2004/11/27,2761000
2004/12/4,2725000
2004/12/11,2692000
2004/12/18,2688000
2004/12/25,2771000
2005/1/1,2672000
2005/1/8,2720000
2005/1/15,2790000
2005/1/22,2706000
2005/1/29,2731000
2005/2/5,2710000
2005/2/12,2666000
2005/2/19,2667000
2005/2/26,2703000
2005/3/5,2658000
2005/3/12,2681000
2005/3/19,2616000
2005/3/26,2683000
2005/4/2,2653000
2005/4/9,2626000
2005/4/16,2559000
2005/4/23,2588000
2005/4/30,2596000
2005/5/7,2605000
2005/5/14,2568000
2005/5/21,2595000
2005/5/28,2577000
2005/6/4,2630000
2005/6/11,2599000
2005/6/18,2602000
2005/6/25,2569000
2005/7/2,2612000
2005/7/9,2583000
2005/7/16,2619000
2005/7/23,2592000
2005/7/30,2570000
2005/8/6,2584000
2005/8/13,2573000
2005/8/20,2598000
2005/8/27,2568000
2005/9/3,2575000
2005/9/10,2651000
2005/9/17,2787000
2005/9/24,2853000
2005/10/1,2841000
2005/10/8,2831000
2005/10/15,2821000
2005/10/22,2772000
2005/10/29,2752000
2005/11/5,2746000
2005/11/12,2760000
2005/11/19,2712000
2005/11/26,2587000
2005/12/3,2589000
2005/12/10,2620000
2005/12/17,2660000
2005/12/24,2668000
2005/12/31,2660000
2006/1/7,2561000
2006/1/14,2586000
2006/1/21,2516000
2006/1/28,2565000
2006/2/4,2520000
2006/2/11,2517000
2006/2/18,2488000
2006/2/25,2504000
2006/3/4,2453000
2006/3/11,2474000
2006/3/18,2456000
2006/3/25,2439000
2006/4/1,2405000
2006/4/8,2411000
2006/4/15,2408000
2006/4/22,2424000
2006/4/29,2357000
2006/5/6,2372000
2006/5/13,2383000
2006/5/20,2399000
2006/5/27,2381000
2006/6/3,2408000
2006/6/10,2412000
2006/6/17,2395000
2006/6/24,2419000
2006/7/1,2399000
2006/7/8,2491000
2006/7/15,2475000
2006/7/22,2422000
2006/7/29,2460000
2006/8/5,2477000
2006/8/12,2467000
2006/8/19,2464000
2006/8/26,2457000
2006/9/2,2467000
2006/9/9,2449000
2006/9/16,2438000
2006/9/23,2440000
2006/9/30,2437000
2006/10/7,2449000
2006/10/14,2459000
2006/10/21,2428000
2006/10/28,2449000
2006/11/4,2414000
2006/11/11,2467000
2006/11/18,2506000
2006/11/25,2517000
2006/12/2,2472000
2006/12/9,2517000
2006/12/16,2513000
2006/12/23,2449000
2006/12/30,2455000
2007/1/6,2518000
2007/1/13,2507000
2007/1/20,2552000
2007/1/27,2520000
2007/2/3,2575000
2007/2/10,2527000
2007/2/17,2626000
2007/2/24,2549000
2007/3/3,2581000
2007/3/10,2511000
2007/3/17,2515000
2007/3/24,2489000
2007/3/31,2499000
2007/4/7,2497000
2007/4/14,2538000
2007/4/21,2463000
2007/4/28,2486000
2007/5/5,2429000
2007/5/12,2465000
2007/5/19,2417000
2007/5/26,2480000
2007/6/2,2452000
2007/6/9,2484000
2007/6/16,2453000
2007/6/23,2520000
2007/6/30,2501000
2007/7/7,2563000
2007/7/14,2555000
2007/7/21,2514000
2007/7/28,2537000
2007/8/4,2531000
2007/8/11,2556000
2007/8/18,2556000
2007/8/25,2569000
2007/9/1,2565000
2007/9/8,2537000
2007/9/15,2536000
2007/9/22,2530000
2007/9/29,2518000
2007/10/6,2521000
2007/10/13,2541000
2007/10/20,2598000
2007/10/27,2587000
2007/11/3,2617000
2007/11/10,2607000
2007/11/17,2609000
2007/11/24,2634000
2007/12/1,2639000
2007/12/8,2672000
2007/12/15,2737000
2007/12/22,2752000
2007/12/29,2760000
2008/1/5,2828000
2008/1/12,2752000
2008/1/19,2770000
2008/1/26,2845000
2008/2/2,2810000
2008/2/9,2846000
2008/2/16,2837000
2008/2/23,2884000
2008/3/1,2867000
2008/3/8,2895000
2008/3/15,2897000
2008/3/22,2938000
2008/3/29,2967000
2008/4/5,2969000
2008/4/12,2937000
2008/4/19,2964000
2008/4/26,2986000
2008/5/3,2993000
2008/5/10,2997000
2008/5/17,3016000
2008/5/24,3007000
2008/5/31,3055000
2008/6/7,3010000
2008/6/14,3057000
2008/6/21,3054000
2008/6/28,3110000
2008/7/5,3113000
2008/7/12,3104000
2008/7/19,3227000
2008/7/26,3261000
2008/8/2,3330000
2008/8/9,3327000
2008/8/16,3385000
2008/8/23,3384000
2008/8/30,3464000
2008/9/6,3420000
2008/9/13,3493000
2008/9/20,3551000
2008/9/27,3623000
2008/10/4,3676000
2008/10/11,3696000
2008/10/18,3729000
2008/10/25,3823000
2008/11/1,3928000
2008/11/8,4011000
2008/11/15,4002000
2008/11/22,4095000
2008/11/29,4447000
2008/12/6,4417000
2008/12/13,4445000
2008/12/20,4548000
2008/12/27,4679000
2009/1/3,4692000
2009/1/10,4760000
2009/1/17,4864000
2009/1/24,4980000
2009/1/31,5010000
2009/2/7,5157000
2009/2/14,5279000
2009/2/21,5307000
2009/2/28,5445000
2009/3/7,5600000
2009/3/14,5699000
2009/3/21,5829000
2009/3/28,5935000
2009/4/4,6044000
2009/4/11,6130000
2009/4/18,6264000
2009/4/25,6300000
2009/5/2,6416000
2009/5/9,6516000
2009/5/16,6539000
2009/5/23,6522000
2009/5/30,6635000
2009/6/6,6506000
2009/6/13,6525000
2009/6/20,6488000
2009/6/27,6618000
2009/7/4,6145000
2009/7/11,6136000
2009/7/18,6118000
2009/7/25,6157000
2009/8/1,6111000
2009/8/8,6090000
2009/8/15,6008000
2009/8/22,6060000
2009/8/29,5970000
2009/9/5,6079000
2009/9/12,6006000
2009/9/19,5942000
2009/9/26,5912000
2009/10/3,5900000
2009/10/10,5828000
2009/10/17,5746000
2009/10/24,5705000
2009/10/31,5649000
2009/11/7,5568000
2009/11/14,5462000
2009/11/21,5489000
2009/11/28,5323000
2009/12/5,5289000
2009/12/12,5191000
2009/12/19,5100000
2009/12/26,4987000
2010/1/2,4870000
2010/1/9,4879000
2010/1/16,4809000
2010/1/23,4841000
2010/1/30,4796000
2010/2/6,4838000
2010/2/13,4815000
2010/2/20,4767000
2010/2/27,4755000
2010/3/6,4766000
2010/3/13,4750000
2010/3/20,4743000
2010/3/27,4668000
2010/4/3,4755000
2010/4/10,4746000
2010/4/17,4721000
2010/4/24,4690000
2010/5/1,4695000
2010/5/8,4707000
2010/5/15,4688000
2010/5/22,4731000
2010/5/29,4553000
2010/6/5,4624000
2010/6/12,4606000
2010/6/19,4619000
2010/6/26,4484000
2010/7/3,4620000
2010/7/10,4482000
2010/7/17,4545000
2010/7/24,4529000
2010/7/31,4467000
2010/8/7,4478000
2010/8/14,4432000
2010/8/21,4426000
2010/8/28,4509000
2010/9/4,4501000
2010/9/11,4487000
2010/9/18,4452000
2010/9/25,4431000
2010/10/2,4407000
2010/10/9,4403000
2010/10/16,4348000
2010/10/23,4331000
2010/10/30,4328000
2010/11/6,4270000
2010/11/13,4176000
2010/11/20,4218000
2010/11/27,4118000
2010/12/4,4137000
2010/12/11,4062000
2010/12/18,4113000
2010/12/25,4088000
2011/1/1,3898000
2011/1/8,3907000
2011/1/15,3974000
2011/1/22,3926000
2011/1/29,3887000
2011/2/5,3928000
2011/2/12,3839000
2011/2/19,3821000
2011/2/26,3809000
2011/3/5,3772000
2011/3/12,3772000
2011/3/19,3752000
2011/3/26,3766000
2011/4/2,3756000
2011/4/9,3751000
2011/4/16,3717000
2011/4/23,3796000
2011/4/30,3834000
2011/5/7,3787000
2011/5/14,3781000
2011/5/21,3799000
2011/5/28,3728000
2011/6/4,3750000
2011/6/11,3746000
2011/6/18,3752000
2011/6/25,3719000
2011/7/2,3733000
2011/7/9,3724000
2011/7/16,3734000
2011/7/23,3741000
2011/7/30,3676000
2011/8/6,3709000
2011/8/13,3717000
2011/8/20,3715000
2011/8/27,3723000
2011/9/3,3759000
2011/9/10,3758000
2011/9/17,3747000
2011/9/24,3707000
2011/10/1,3697000
2011/10/8,3731000
2011/10/15,3704000
2011/10/22,3699000
2011/10/29,3677000
2011/11/5,3603000
2011/11/12,3676000
2011/11/19,3739000
2011/11/26,3592000
2011/12/3,3595000
2011/12/10,3543000
2011/12/17,3588000
2011/12/24,3575000
2011/12/31,3566000
2012/1/7,3421000
2012/1/14,3511000
2012/1/21,3419000
2012/1/28,3454000
2012/2/4,3391000
2012/2/11,3362000
2012/2/18,3382000
2012/2/25,3392000
2012/3/3,3367000
2012/3/10,3353000
2012/3/17,3342000
2012/3/24,3336000
2012/3/31,3286000
2012/4/7,3325000
2012/4/14,3355000
2012/4/21,3316000
2012/4/28,3296000
2012/5/5,3326000
2012/5/12,3334000
2012/5/19,3301000
2012/5/26,3351000
2012/6/2,3327000
2012/6/9,3343000
2012/6/16,3323000
2012/6/23,3325000
2012/6/30,3304000
2012/7/7,3314000
2012/7/14,3307000
2012/7/21,3290000
2012/7/28,3312000
2012/8/4,3302000
2012/8/11,3296000
2012/8/18,3306000
2012/8/25,3321000
2012/9/1,3327000
2012/9/8,3312000
2012/9/15,3316000
2012/9/22,3308000
2012/9/29,3309000
2012/10/6,3295000
2012/10/13,3302000
2012/10/20,3285000
2012/10/27,3223000
2012/11/3,3368000
2012/11/10,3364000
2012/11/17,3325000
2012/11/24,3248000
2012/12/1,3195000
2012/12/8,3229000
2012/12/15,3179000
2012/12/22,3221000
2012/12/29,3127000
2013/1/5,3147000
2013/1/12,3108000
2013/1/19,3138000
2013/1/26,3138000
2013/2/2,3075000
2013/2/9,3081000
2013/2/16,3036000
2013/2/23,3043000
2013/3/2,3011000
2013/3/9,3024000
2013/3/16,3028000
2013/3/23,3046000
2013/3/30,3080000
2013/4/6,3076000
2013/4/13,3024000
2013/4/20,3027000
2013/4/27,3039000
2013/5/4,3042000
2013/5/11,2975000
2013/5/18,3020000
2013/5/25,3012000
2013/6/1,2999000
2013/6/8,3004000
2013/6/15,2996000
2013/6/22,2962000
2013/6/29,3003000
2013/7/6,3113000
2013/7/13,3011000
2013/7/20,2947000
2013/7/27,3010000
2013/8/3,2944000
2013/8/10,2987000
2013/8/17,2968000
2013/8/24,2934000
2013/8/31,2839000
2013/9/7,2822000
2013/9/14,2863000
2013/9/21,2954000
2013/9/28,2944000
2013/10/5,2929000
2013/10/12,2925000
2013/10/19,2933000
2013/10/26,2927000
2013/11/2,2873000
2013/11/9,2925000
2013/11/16,2837000
2013/11/23,2813000
2013/11/30,2808000
2013/12/7,2892000
2013/12/14,2903000
2013/12/21,2832000
2013/12/28,2807000
2014/1/4,2903000
2014/1/11,2907000
2014/1/18,2847000
2014/1/25,2850000
2014/2/1,2852000
2014/2/8,2859000
2014/2/15,2861000
2014/2/22,2823000
2014/3/1,2787000
2014/3/8,2816000
2014/3/15,2764000
2014/3/22,2800000
2014/3/29,2729000
2014/4/5,2730000
2014/4/12,2680000
2014/4/19,2767000
2014/4/26,2707000
2014/5/3,2702000
2014/5/10,2691000
2014/5/17,2657000
2014/5/24,2646000
2014/5/31,2641000
2014/6/7,2598000
2014/6/14,2595000
2014/6/21,2583000
2014/6/28,2579000
2014/7/5,2540000
2014/7/12,2528000
2014/7/19,2542000
2014/7/26,2524000
2014/8/2,2530000
2014/8/9,2508000
2014/8/16,2517000
2014/8/23,2483000
2014/8/30,2486000
2014/9/6,2452000
2014/9/13,2465000
2014/9/20,2447000
2014/9/27,2427000
2014/10/4,2441000
2014/10/11,2409000
2014/10/18,2437000
2014/10/25,2406000
2014/11/1,2436000
2014/11/8,2384000
2014/11/15,2351000
2014/11/22,2389000
2014/11/29,2484000
2014/12/6,2381000
2014/12/13,2379000
2014/12/20,2338000
2014/12/27,2422000
2015/1/3,2381000
2015/1/10,2400000
2015/1/17,2336000
2015/1/24,2335000
2015/1/31,2297000
2015/2/7,2344000
2015/2/14,2319000
2015/2/21,2341000
2015/2/28,2357000
2015/3/7,2361000
2015/3/14,2361000
2015/3/21,2306000
2015/3/28,2278000
2015/4/4,2273000
2015/4/11,2320000
2015/4/18,2279000
2015/4/25,2254000
2015/5/2,2261000
2015/5/9,2253000
2015/5/16,2258000
2015/5/23,2236000
2015/5/30,2294000
2015/6/6,2250000
2015/6/13,2268000
2015/6/20,2265000
2015/6/27,2312000
2015/7/4,2233000
2015/7/11,2226000
2015/7/18,2267000
2015/7/25,2253000
2015/8/1,2257000
2015/8/8,2247000
2015/8/15,2256000
2015/8/22,2252000
2015/8/29,2258000
2015/9/5,2243000
2015/9/12,2255000
2015/9/19,2234000
2015/9/26,2240000
2015/10/3,2207000
2015/10/10,2214000
2015/10/17,2194000
2015/10/24,2218000
2015/10/31,2205000
2015/11/7,2209000
2015/11/14,2185000
2015/11/21,2181000
2015/11/28,2259000
2015/12/5,2242000
2015/12/12,2190000
2015/12/19,2176000
2015/12/26,2207000
2016/1/2,2218000
2016/1/9,2190000
2016/1/16,2221000
2016/1/23,2199000
2016/1/30,2210000
2016/2/6,2213000
2016/2/13,2206000
2016/2/20,2203000
2016/2/27,2180000
2016/3/5,2203000
2016/3/12,2163000
2016/3/19,2138000
2016/3/26,2165000
2016/4/2,2151000
2016/4/9,2139000
2016/4/16,2135000
2016/4/23,2137000
2016/4/30,2183000
2016/5/7,2185000
2016/5/14,2177000
2016/5/21,2186000
2016/5/28,2131000
2016/6/4,2170000
2016/6/11,2158000
2016/6/18,2160000
2016/6/25,2139000
2016/7/2,2131000
2016/7/9,2125000
2016/7/16,2140000
2016/7/23,2134000
2016/7/30,2143000
2016/8/6,2157000
2016/8/13,2137000
2016/8/20,2148000
2016/8/27,2138000
2016/9/3,2149000
2016/9/10,2110000
2016/9/17,2098000
2016/9/24,2081000
2016/10/1,2080000
2016/10/8,2081000
2016/10/15,2069000
2016/10/22,2066000
2016/10/29,2067000
2016/11/5,2046000
2016/11/12,2045000
2016/11/19,2050000
2016/11/26,2038000
2016/12/3,2029000
2016/12/10,2030000
2016/12/17,2078000
2016/12/24,2077000
2016/12/31,2028000
2017/1/7,2080000
2017/1/14,2099000
2017/1/21,2067000
2017/1/28,2078000
2017/2/4,2064000
2017/2/11,2076000
2017/2/18,2034000
2017/2/25,2065000
2017/3/4,2020000
2017/3/11,2002000
2017/3/18,2021000
2017/3/25,2027000
2017/4/1,1990000
2017/4/8,1968000
2017/4/15,1961000
2017/4/22,1962000
2017/4/29,1896000
2017/5/6,1892000
2017/5/13,1902000
2017/5/20,1900000
2017/5/27,1891000
2017/6/3,1909000
2017/6/10,1914000
2017/6/17,1915000
2017/6/24,1929000
2017/7/1,1911000
2017/7/8,1942000
2017/7/15,1929000
2017/7/22,1928000
2017/7/29,1926000
2017/8/5,1928000
2017/8/12,1926000
2017/8/19,1928000
2017/8/26,1912000
2017/9/2,1911000
2017/9/9,1939000
2017/9/16,1872000
2017/9/23,1871000
2017/9/30,1871000
2017/10/7,1869000
2017/10/14,1902000
2017/10/21,1913000
2017/10/28,1927000
2017/11/4,1939000
2017/11/11,1944000
2017/11/18,1974000
2017/11/25,1997000
2017/12/2,1953000
2017/12/9,1984000
2017/12/16,2006000
2017/12/23,1979000
2017/12/30,1933000
2018/1/6,1971000
2018/1/13,1957000
2018/1/20,1975000
2018/1/27,1943000
2018/2/3,1954000
2018/2/10,1909000
2018/2/17,1921000
2018/2/24,1892000
2018/3/3,1883000
2018/3/10,1859000
2018/3/17,1861000
2018/3/24,1828000
2018/3/31,1848000
2018/4/7,1856000
2018/4/14,1804000
2018/4/21,1744000
2018/4/28,1745000
2018/5/5,1683000
2018/5/12,1697000
2018/5/19,1689000
2018/5/26,1686000
2018/6/2,1659000
2018/6/9,1684000
2018/6/16,1668000
2018/6/23,1695000
2018/6/30,1698000
2018/7/7,1718000
2018/7/14,1711000
2018/7/21,1680000
2018/7/28,1728000
2018/8/4,1694000
2018/8/11,1701000
2018/8/18,1685000
2018/8/25,1677000
2018/9/1,1659000
2018/9/8,1615000
2018/9/15,1609000
2018/9/22,1598000
2018/9/29,1602000
2018/10/6,1599000
2018/10/13,1626000
2018/10/20,1647000
2018/10/27,1653000
2018/11/3,1676000
2018/11/10,1704000
2018/11/17,1786000
2018/11/24,1737000
2018/12/1,1735000
2018/12/8,1777000
2018/12/15,1790000
2018/12/22,1798000
2018/12/29,1779000
2019/1/5,1785000
2019/1/12,1779000
2019/1/19,1802000
2019/1/26,1775000
2019/2/2,1820000
2019/2/9,1785000
2019/2/16,1819000
2019/2/23,1801000
2019/3/2,1797000
2019/3/9,1782000
2019/3/16,1770000
2019/3/23,1741000
2019/3/30,1711000
2019/4/6,1660000
2019/4/13,1636000
2019/4/20,1643000
2019/4/27,1634000
2019/5/4,1605000
2019/5/11,1616000
2019/5/18,1604000
2019/5/25,1614000
2019/6/1,1621000
2019/6/8,1599000
2019/6/15,1627000
2019/6/22,1626000
2019/6/29,1666000
2019/7/6,1642000
2019/7/13,1639000
2019/7/20,1626000
2019/7/27,1659000
2019/8/3,1674000
2019/8/10,1647000
2019/8/17,1654000
2019/8/24,1634000
2019/8/31,1610000
2019/9/7,1605000
2019/9/14,1566000
2019/9/21,1561000
2019/9/28,1606000
2019/10/5,1597000
2019/10/12,1639000
2019/10/19,1684000
2019/10/26,1699000
2019/11/2,1702000
2019/11/9,1741000
2019/11/16,1746000
2019/11/23,1802000
2019/11/30,1800000
2019/12/7,1831000
2019/12/14,1841000
2019/12/21,1841000
2019/12/28,1891000
2020/1/4,1876000
2020/1/11,1835000
2020/1/18,1797000
2020/1/25,1839000
2020/2/1,1799000
2020/2/8,1822000
2020/2/15,1787000
2020/2/22,1801000
2020/2/29,1780000
2020/3/7,1763000
2020/3/14,1834000
2020/3/21,3238000
2020/3/28,8004000
2020/4/4,12396000
2020/4/11,16193000
2020/4/18,17789000
2020/4/25,21750000
2020/5/2,20939000
2020/5/9,23130000
2020/5/16,19153000
2020/5/23,19194000
2020/5/30,19216000
2020/6/6,18743000
2020/6/13,17860000
2020/6/20,17501000
2020/6/27,16610000
2020/7/4,17273000
2020/7/11,16251000
2020/7/18,16799000
2020/7/25,15929000
2020/8/1,15255000
2020/8/8,14184000
2020/8/15,13910000
2020/8/22,13217000
2020/8/29,13501000
2020/9/5,12765000
2020/9/12,12684000
2020/9/19,11367000
2020/9/26,10481000
2020/10/3,9270000
2020/10/10,8425000
2020/10/17,7777000
2020/10/24,7180000
2020/10/31,6705000
2020/11/7,6341000
2020/11/14,6088000
2020/11/21,5580000
2020/11/28,5784000
2020/12/5,5609000
2020/12/12,5416000
2020/12/19,5332000
2020/12/26,5181000
2021/1/2,5330000
2021/1/9,5069000
2021/1/16,4877000
2021/1/23,4789000
2021/1/30,4658000
2021/2/6,4599000
2021/2/13,4495000
2021/2/20,4406000
2021/2/27,4227000
2021/3/6,4185000
2021/3/13,3970000
2021/3/20,3887000
2021/3/27,3859000
2021/4/3,3830000
2021/4/10,3779000
2021/4/17,3776000
2021/4/24,3767000
2021/5/1,3756000
2021/5/8,3737000
2021/5/15,3618000
2021/5/22,3575000
2021/5/29,3422000
2021/6/5,3352000
2021/6/12,3271000
2021/6/19,3266000
2021/6/26,3230000
2021/7/3,3116000
2021/7/10,3116000
2021/7/17,3082000
2021/7/24,2881000
2021/7/31,2794000
2021/8/7,2839000
2021/8/14,2804000
2021/8/21,2772000
2021/8/28,2740000
2021/9/4,2628000
2021/9/11,2705000
2021/9/18,2720000
2021/9/25,2674000
2021/10/2,2571000
2021/10/9,2512000
2021/10/16,2334000
2021/10/23,2263000
2021/10/30,2303000
2021/11/6,2172000
2021/11/13,2100000
2021/11/20,1976000
2021/11/27,2098000
2021/12/4,1927000
2021/12/11,1904000
2021/12/18,1793000
2021/12/25,1805000
2022/1/1,1778000
2022/1/8,1776000
2022/1/15,1787000
2022/1/22,1757000
2022/1/29,1743000
2022/2/5,1714000
2022/2/12,1633000
2022/2/19,1623000
2022/2/26,1664000
2022/3/5,1594000
2022/3/12,1542000
2022/3/19,1506000
2022/3/26,1529000
2022/4/2,1474000
2022/4/9,1407000
2022/4/16,1403000
2022/4/23,1387000
2022/4/30,1342000
2022/5/7,1315000
2022/5/14,1343000
2022/5/21,1306000
2022/5/28,1309000
2022/6/4,1310000
2022/6/11,1331000
2022/6/18,1324000
2022/6/25,1372000
2022/7/2,1333000
2022/7/9,1384000
2022/7/16,1365000
2022/7/23,1420000
2022/7/30,1430000
2022/8/6,1437000